,step,lr,grid,k,internal_units,batch,lamb,lamb_entropy,avg_val_loss
0,50,0.01,8,2,12,32,0.01,10,0.4585478703180949
1,50,0.01,8,2,12,64,0.01,10,0.3843652904033661
2,50,0.01,8,2,16,32,0.01,10,0.4595474898815155
3,50,0.01,8,2,16,64,0.01,10,0.41290054718653363
4,50,0.01,8,2,12,32,0.01,100,0.9981314937273661
5,50,0.01,8,2,12,64,0.01,100,0.9981520175933838
6,50,0.01,8,2,16,32,0.01,100,0.998672604560852
7,50,0.01,8,2,16,64,0.01,100,0.9988576173782349
8,50,0.01,8,2,12,32,0.1,10,0.9968988498051962
9,50,0.01,8,2,12,64,0.1,10,0.9986222187678019
10,50,0.01,8,2,16,32,0.1,10,0.9996826450030009
11,50,0.01,8,2,16,64,0.1,10,0.9984125296274821
12,50,0.01,8,2,12,32,0.1,100,0.9999529123306274
13,50,0.01,8,2,12,64,0.1,100,1.0003591974576314
14,50,0.01,8,2,16,32,0.1,100,1.0013830661773682
15,50,0.01,8,2,16,64,0.1,100,1.0001911322275798
16,50,0.01,8,3,12,32,0.01,10,0.4445993900299072
17,50,0.01,8,3,12,64,0.01,10,0.3762065569559733
18,50,0.01,8,3,16,32,0.01,10,0.45955414573351544
19,50,0.01,8,3,16,64,0.01,10,0.4113202492396037
20,50,0.01,8,3,12,32,0.01,100,0.9995333751042684
21,50,0.01,8,3,12,64,0.01,100,0.998552123705546
22,50,0.01,8,3,16,32,0.01,100,1.0008513530095418
23,50,0.01,8,3,16,64,0.01,100,0.9977870186169943
24,50,0.01,8,3,12,32,0.1,10,0.9992833336194357
25,50,0.01,8,3,12,64,0.1,10,0.9989847540855408
26,50,0.01,8,3,16,32,0.1,10,0.9991643826166788
27,50,0.01,8,3,16,64,0.1,10,0.997465173403422
28,50,0.01,8,3,12,32,0.1,100,1.0004411339759827
29,50,0.01,8,3,12,64,0.1,100,0.9998253981272379
30,50,0.01,8,3,16,32,0.1,100,1.000373363494873
31,50,0.01,8,3,16,64,0.1,100,1.0005187392234802
32,50,0.01,10,2,12,32,0.01,10,0.477315217256546
33,50,0.01,10,2,12,64,0.01,10,0.4055834710597992
34,50,0.01,10,2,16,32,0.01,10,0.4899924298127492
35,50,0.01,10,2,16,64,0.01,10,0.41843849420547485
36,50,0.01,10,2,12,32,0.01,100,0.9993206659952799
37,50,0.01,10,2,12,64,0.01,100,0.9991845885912577
38,50,0.01,10,2,16,32,0.01,100,0.9962931672732035
39,50,0.01,10,2,16,64,0.01,100,0.9990443388621012
40,50,0.01,10,2,12,32,0.1,10,0.9994967778523763
41,50,0.01,10,2,12,64,0.1,10,0.9993140498797098
42,50,0.01,10,2,16,32,0.1,10,0.9957062204678854
43,50,0.01,10,2,16,64,0.1,10,0.9995192885398865
44,50,0.01,10,2,12,32,0.1,100,1.000039279460907
45,50,0.01,10,2,12,64,0.1,100,1.0002902547518413
46,50,0.01,10,2,16,32,0.1,100,1.0007423957188923
47,50,0.01,10,2,16,64,0.1,100,1.000057339668274
48,50,0.01,10,3,12,32,0.01,10,0.47021881739298504
49,50,0.01,10,3,12,64,0.01,10,0.4061719477176666
50,50,0.01,10,3,16,32,0.01,10,0.47847703099250793
51,50,0.01,10,3,16,64,0.01,10,0.41939233740170795
52,50,0.01,10,3,12,32,0.01,100,0.999557892481486
53,50,0.01,10,3,12,64,0.01,100,1.0003247062365215
54,50,0.01,10,3,16,32,0.01,100,0.9950773517290751
55,50,0.01,10,3,16,64,0.01,100,0.997329850991567
56,50,0.01,10,3,12,32,0.1,10,0.9992629885673523
57,50,0.01,10,3,12,64,0.1,10,0.9993758996327718
58,50,0.01,10,3,16,32,0.1,10,0.9953986605008444
59,50,0.01,10,3,16,64,0.1,10,0.9992029865582784
60,50,0.01,10,3,12,32,0.1,100,0.9991626143455505
61,50,0.01,10,3,12,64,0.1,100,0.9988937576611837
62,50,0.01,10,3,16,32,0.1,100,1.000261386235555
63,50,0.01,10,3,16,64,0.1,100,1.0000956257184346
64,50,0.01,12,2,12,32,0.01,10,0.5085500478744507
65,50,0.01,12,2,12,64,0.01,10,0.4054011007150014
66,50,0.01,12,2,16,32,0.01,10,0.4345085322856903
67,50,0.01,12,2,16,64,0.01,10,0.37979186574618023
68,50,0.01,12,2,12,32,0.01,100,0.9976194103558859
69,50,0.01,12,2,12,64,0.01,100,0.9986986120541891
70,50,0.01,12,2,16,32,0.01,100,0.9988752007484436
71,50,0.01,12,2,16,64,0.01,100,0.9983085791269938
72,50,0.01,12,2,12,32,0.1,10,0.9974347154299418
73,50,0.01,12,2,12,64,0.1,10,0.998954176902771
74,50,0.01,12,2,16,32,0.1,10,0.9989063541094462
75,50,0.01,12,2,16,64,0.1,10,0.9984416762987772
76,50,0.01,12,2,12,32,0.1,100,1.0011852979660034
77,50,0.01,12,2,12,64,0.1,100,1.0006401141484578
78,50,0.01,12,2,16,32,0.1,100,1.0005109707514446
79,50,0.01,12,2,16,64,0.1,100,1.0001400510470073
80,50,0.01,12,3,12,32,0.01,10,0.500123123327891
81,50,0.01,12,3,12,64,0.01,10,0.4072644313176473
82,50,0.01,12,3,16,32,0.01,10,0.4279179672400157
83,50,0.01,12,3,16,64,0.01,10,0.38173866271972656
84,50,0.01,12,3,12,32,0.01,100,0.9973235328992208
85,50,0.01,12,3,12,64,0.01,100,0.9983100096384684
86,50,0.01,12,3,16,32,0.01,100,0.9978407820065817
87,50,0.01,12,3,16,64,0.01,100,0.9993720253308614
88,50,0.01,12,3,12,32,0.1,10,0.9993414680163065
89,50,0.01,12,3,12,64,0.1,10,0.9991722305615743
90,50,0.01,12,3,16,32,0.1,10,0.9987357060114542
91,50,0.01,12,3,16,64,0.1,10,0.9987134138743082
92,50,0.01,12,3,12,32,0.1,100,1.0000844597816467
93,50,0.01,12,3,12,64,0.1,100,0.9996976256370544
94,50,0.01,12,3,16,32,0.1,100,1.0000678102175395
95,50,0.01,12,3,16,64,0.1,100,1.000689725081126
96,50,0.001,8,2,12,32,0.01,10,0.8763551910718282
97,50,0.001,8,2,12,64,0.01,10,0.8569656014442444
98,50,0.001,8,2,16,32,0.01,10,0.8856255412101746
99,50,0.001,8,2,16,64,0.01,10,0.8687299291292826
100,50,0.001,8,2,12,32,0.01,100,0.939729650815328
101,50,0.001,8,2,12,64,0.01,100,0.9347325364748637
102,50,0.001,8,2,16,32,0.01,100,0.9536846876144409
103,50,0.001,8,2,16,64,0.01,100,0.9502499302228292
104,50,0.001,8,2,12,32,0.1,10,0.9437836209932963
105,50,0.001,8,2,12,64,0.1,10,0.9388967355092367
106,50,0.001,8,2,16,32,0.1,10,0.9559018810590109
107,50,0.001,8,2,16,64,0.1,10,0.9525320331255595
108,50,0.001,8,2,12,32,0.1,100,0.975233256816864
109,50,0.001,8,2,12,64,0.1,100,0.9773440758387247
110,50,0.001,8,2,16,32,0.1,100,0.9848125576972961
111,50,0.001,8,2,16,64,0.1,100,0.9842742482821146
112,50,0.001,8,3,12,32,0.01,10,0.8717163801193237
113,50,0.001,8,3,12,64,0.01,10,0.8569178382555643
114,50,0.001,8,3,16,32,0.01,10,0.8805281321207682
115,50,0.001,8,3,16,64,0.01,10,0.8696396152178446
116,50,0.001,8,3,12,32,0.01,100,0.9375200867652893
117,50,0.001,8,3,12,64,0.01,100,0.9355183641115824
118,50,0.001,8,3,16,32,0.01,100,0.951399048169454
119,50,0.001,8,3,16,64,0.01,100,0.9504226446151733
120,50,0.001,8,3,12,32,0.1,10,0.941552460193634
121,50,0.001,8,3,12,64,0.1,10,0.9397029479344686
122,50,0.001,8,3,16,32,0.1,10,0.953679362932841
123,50,0.001,8,3,16,64,0.1,10,0.9527073899904887
124,50,0.001,8,3,12,32,0.1,100,0.9723772009213766
125,50,0.001,8,3,12,64,0.1,100,0.9768134951591492
126,50,0.001,8,3,16,32,0.1,100,0.9827290376027426
127,50,0.001,8,3,16,64,0.1,100,0.9840344190597534
128,50,0.001,10,2,12,32,0.01,10,0.8986958861351013
129,50,0.001,10,2,12,64,0.01,10,0.8765295743942261
130,50,0.001,10,2,16,32,0.01,10,0.8924118280410767
131,50,0.001,10,2,16,64,0.01,10,0.8617992401123047
132,50,0.001,10,2,12,32,0.01,100,0.9608044425646464
133,50,0.001,10,2,12,64,0.01,100,0.9574613173802694
134,50,0.001,10,2,16,32,0.01,100,0.9828388492266337
135,50,0.001,10,2,16,64,0.01,100,0.9767955938975016
136,50,0.001,10,2,12,32,0.1,10,0.9625604152679443
137,50,0.001,10,2,12,64,0.1,10,0.9596648613611857
138,50,0.001,10,2,16,32,0.1,10,0.9920255343119303
139,50,0.001,10,2,16,64,0.1,10,0.9870260755221049
140,50,0.001,10,2,12,32,0.1,100,0.9865739941596985
141,50,0.001,10,2,12,64,0.1,100,0.9886062145233154
142,50,0.001,10,2,16,32,0.1,100,1.072634259859721
143,50,0.001,10,2,16,64,0.1,100,1.0695946216583252
144,50,0.001,10,3,12,32,0.01,10,0.8955593307813009
145,50,0.001,10,3,12,64,0.01,10,0.8757701516151428
146,50,0.001,10,3,16,32,0.01,10,0.8880935708681742
147,50,0.001,10,3,16,64,0.01,10,0.8591817220052084
148,50,0.001,10,3,12,32,0.01,100,0.9608144362767538
149,50,0.001,10,3,12,64,0.01,100,0.9583839376767477
150,50,0.001,10,3,16,32,0.01,100,0.9778691728909811
151,50,0.001,10,3,16,64,0.01,100,0.9757311741511027
152,50,0.001,10,3,12,32,0.1,10,0.9627483685811361
153,50,0.001,10,3,12,64,0.1,10,0.9606117606163025
154,50,0.001,10,3,16,32,0.1,10,0.9873061577479044
155,50,0.001,10,3,16,64,0.1,10,0.9861914118131002
156,50,0.001,10,3,12,32,0.1,100,0.9879987041155497
157,50,0.001,10,3,12,64,0.1,100,0.9891477227210999
158,50,0.001,10,3,16,32,0.1,100,1.0683281421661377
159,50,0.001,10,3,16,64,0.1,100,1.0702498356501262
160,50,0.001,12,2,12,32,0.01,10,0.9032270908355713
161,50,0.001,12,2,12,64,0.01,10,0.8727400700251261
162,50,0.001,12,2,16,32,0.01,10,0.8720313509305319
163,50,0.001,12,2,16,64,0.01,10,0.8479899764060974
164,50,0.001,12,2,12,32,0.01,100,0.9872206449508667
165,50,0.001,12,2,12,64,0.01,100,0.9860836267471313
166,50,0.001,12,2,16,32,0.01,100,0.9666276971499125
167,50,0.001,12,2,16,64,0.01,100,0.9616643985112509
168,50,0.001,12,2,12,32,0.1,10,0.9936630129814148
169,50,0.001,12,2,12,64,0.1,10,0.9925576647122701
170,50,0.001,12,2,16,32,0.1,10,0.9704920848210653
171,50,0.001,12,2,16,64,0.1,10,0.9660748243331909
172,50,0.001,12,2,12,32,0.1,100,1.0313398639361064
173,50,0.001,12,2,12,64,0.1,100,1.0314439535140991
174,50,0.001,12,2,16,32,0.1,100,1.004909594853719
175,50,0.001,12,2,16,64,0.1,100,1.0059250990549724
176,50,0.001,12,3,12,32,0.01,10,0.8988609512646993
177,50,0.001,12,3,12,64,0.01,10,0.871488074461619
178,50,0.001,12,3,16,32,0.01,10,0.8677811026573181
179,50,0.001,12,3,16,64,0.01,10,0.8467191457748413
180,50,0.001,12,3,12,32,0.01,100,0.9841058055559794
181,50,0.001,12,3,12,64,0.01,100,0.9867361386617025
182,50,0.001,12,3,16,32,0.01,100,0.9644896984100342
183,50,0.001,12,3,16,64,0.01,100,0.962131142616272
184,50,0.001,12,3,12,32,0.1,10,0.9913861950238546
185,50,0.001,12,3,12,64,0.1,10,0.9933096170425415
186,50,0.001,12,3,16,32,0.1,10,0.9690999587376913
187,50,0.001,12,3,16,64,0.1,10,0.9665356675783793
188,50,0.001,12,3,12,32,0.1,100,1.0296288927396138
189,50,0.001,12,3,12,64,0.1,100,1.0323633551597595
190,50,0.001,12,3,16,32,0.1,100,1.004079023996989
191,50,0.001,12,3,16,64,0.1,100,1.0060375134150188
192,50,0.0001,8,2,12,32,0.01,10,0.9788258075714111
193,50,0.0001,8,2,12,64,0.01,10,0.9768037796020508
194,50,0.0001,8,2,16,32,0.01,10,1.0084378520647685
195,50,0.0001,8,2,16,64,0.01,10,1.0037735501925151
196,50,0.0001,8,2,12,32,0.01,100,0.9866116642951965
197,50,0.0001,8,2,12,64,0.01,100,0.9862771232922872
198,50,0.0001,8,2,16,32,0.01,100,1.0207786162694295
199,50,0.0001,8,2,16,64,0.01,100,1.018319805463155
200,50,0.0001,8,2,12,32,0.1,10,0.9874084989229838
201,50,0.0001,8,2,12,64,0.1,10,0.9871148665746053
202,50,0.0001,8,2,16,32,0.1,10,1.0223568280537922
203,50,0.0001,8,2,16,64,0.1,10,1.0201442639033
204,50,0.0001,8,2,12,32,0.1,100,0.9921750624974569
205,50,0.0001,8,2,12,64,0.1,100,0.9931316375732422
206,50,0.0001,8,2,16,32,0.1,100,1.030125101407369
207,50,0.0001,8,2,16,64,0.1,100,1.0289424657821655
208,50,0.0001,8,3,12,32,0.01,10,0.9767420887947083
209,50,0.0001,8,3,12,64,0.01,10,0.9770019849141439
210,50,0.0001,8,3,16,32,0.01,10,1.003838300704956
211,50,0.0001,8,3,16,64,0.01,10,1.0039177735646565
212,50,0.0001,8,3,12,32,0.01,100,0.9847517808278402
213,50,0.0001,8,3,12,64,0.01,100,0.9866036574045817
214,50,0.0001,8,3,16,32,0.01,100,1.0161550839742024
215,50,0.0001,8,3,16,64,0.01,100,1.0184155702590942
216,50,0.0001,8,3,12,32,0.1,10,0.9855688810348511
217,50,0.0001,8,3,12,64,0.1,10,0.9874615867932638
218,50,0.0001,8,3,16,32,0.1,10,1.0176620086034138
219,50,0.0001,8,3,16,64,0.1,10,1.020246187845866
220,50,0.0001,8,3,12,32,0.1,100,0.9904879530270895
221,50,0.0001,8,3,12,64,0.1,100,0.993233859539032
222,50,0.0001,8,3,16,32,0.1,100,1.025584061940511
223,50,0.0001,8,3,16,64,0.1,100,1.0288573900858562
224,50,0.0001,10,2,12,32,0.01,10,0.9917943676312765
225,50,0.0001,10,2,12,64,0.01,10,0.9902955293655396
226,50,0.0001,10,2,16,32,0.01,10,1.1510558525721233
227,50,0.0001,10,2,16,64,0.01,10,1.1453616619110107
228,50,0.0001,10,2,12,32,0.01,100,0.9993159174919128
229,50,0.0001,10,2,12,64,0.01,100,0.9995554685592651
230,50,0.0001,10,2,16,32,0.01,100,1.1800181865692139
231,50,0.0001,10,2,16,64,0.01,100,1.1793809334437053
232,50,0.0001,10,2,12,32,0.1,10,0.9996986786524454
233,50,0.0001,10,2,12,64,0.1,10,1.0000227093696594
234,50,0.0001,10,2,16,32,0.1,10,1.1835368871688843
235,50,0.0001,10,2,16,64,0.1,10,1.1829309463500977
236,50,0.0001,10,2,12,32,0.1,100,1.003989080588023
237,50,0.0001,10,2,12,64,0.1,100,1.00546791156133
238,50,0.0001,10,2,16,32,0.1,100,1.2088114817937214
239,50,0.0001,10,2,16,64,0.1,100,1.2077444394429524
240,50,0.0001,10,3,12,32,0.01,10,0.9930815498034159
241,50,0.0001,10,3,12,64,0.01,10,0.9896016915639242
242,50,0.0001,10,3,16,32,0.01,10,1.151849587758382
243,50,0.0001,10,3,16,64,0.01,10,1.1442631085713704
244,50,0.0001,10,3,12,32,0.01,100,1.0012275377909343
245,50,0.0001,10,3,12,64,0.01,100,0.9989908536275228
246,50,0.0001,10,3,16,32,0.01,100,1.180080731709798
247,50,0.0001,10,3,16,64,0.01,100,1.1785122553507488
248,50,0.0001,10,3,12,32,0.1,10,1.0016401211420696
249,50,0.0001,10,3,12,64,0.1,10,0.9994810024897257
250,50,0.0001,10,3,16,32,0.1,10,1.1837275822957356
251,50,0.0001,10,3,16,64,0.1,10,1.1821072896321614
252,50,0.0001,10,3,12,32,0.1,100,1.006178081035614
253,50,0.0001,10,3,12,64,0.1,100,1.0049425562222798
254,50,0.0001,10,3,16,32,0.1,100,1.2102715571721394
255,50,0.0001,10,3,16,64,0.1,100,1.2072633504867554
256,50,0.0001,12,2,12,32,0.01,10,1.0415750741958618
257,50,0.0001,12,2,12,64,0.01,10,1.0375311374664307
258,50,0.0001,12,2,16,32,0.01,10,0.9787883559862772
259,50,0.0001,12,2,16,64,0.01,10,0.9753784934679667
260,50,0.0001,12,2,12,32,0.01,100,1.0581398804982503
261,50,0.0001,12,2,12,64,0.01,100,1.057643969853719
262,50,0.0001,12,2,16,32,0.01,100,0.9870146910349528
263,50,0.0001,12,2,16,64,0.01,100,0.9853989283243815
264,50,0.0001,12,2,12,32,0.1,10,1.0596428712209065
265,50,0.0001,12,2,12,64,0.1,10,1.05917227268219
266,50,0.0001,12,2,16,32,0.1,10,0.9877559145291647
267,50,0.0001,12,2,16,64,0.1,10,0.9863387942314148
268,50,0.0001,12,2,12,32,0.1,100,1.067333420117696
269,50,0.0001,12,2,12,64,0.1,100,1.0666577021280925
270,50,0.0001,12,2,16,32,0.1,100,0.9932900468508402
271,50,0.0001,12,2,16,64,0.1,100,0.9934548934300741
272,50,0.0001,12,3,12,32,0.01,10,1.0409084955851238
273,50,0.0001,12,3,12,64,0.01,10,1.0373019377390544
274,50,0.0001,12,3,16,32,0.01,10,0.9769389231999716
275,50,0.0001,12,3,16,64,0.01,10,0.9749726057052612
276,50,0.0001,12,3,12,32,0.01,100,1.0574928919474285
277,50,0.0001,12,3,12,64,0.01,100,1.0576760371526082
278,50,0.0001,12,3,16,32,0.01,100,0.9849429527918497
279,50,0.0001,12,3,16,64,0.01,100,0.9851525624593099
280,50,0.0001,12,3,12,32,0.1,10,1.059023141860962
281,50,0.0001,12,3,12,64,0.1,10,1.0590996344884236
282,50,0.0001,12,3,16,32,0.1,10,0.9857061505317688
283,50,0.0001,12,3,16,64,0.1,10,0.9860933224360148
284,50,0.0001,12,3,12,32,0.1,100,1.0669729709625244
285,50,0.0001,12,3,12,64,0.1,100,1.0669286648432414
286,50,0.0001,12,3,16,32,0.1,100,0.9919389486312866
287,50,0.0001,12,3,16,64,0.1,100,0.9931710163752238
288,80,0.01,8,2,12,32,0.01,10,0.3201915721098582
289,80,0.01,8,2,12,64,0.01,10,0.2946067949136098
290,80,0.01,8,2,16,32,0.01,10,0.33405070503552753
291,80,0.01,8,2,16,64,0.01,10,0.31080982089042664
292,80,0.01,8,2,12,32,0.01,100,1.0002587834994
293,80,0.01,8,2,12,64,0.01,100,1.0003808538119
294,80,0.01,8,2,16,32,0.01,100,1.0006446838378906
295,80,0.01,8,2,16,64,0.01,100,0.999471644560496
296,80,0.01,8,2,12,32,0.1,10,0.9999929865201315
297,80,0.01,8,2,12,64,0.1,10,0.9998135566711426
298,80,0.01,8,2,16,32,0.1,10,0.9996745387713114
299,80,0.01,8,2,16,64,0.1,10,0.9989102880160013
300,80,0.01,8,2,12,32,0.1,100,0.9992422461509705
301,80,0.01,8,2,12,64,0.1,100,0.9999644954999288
302,80,0.01,8,2,16,32,0.1,100,1.0000980695088704
303,80,0.01,8,2,16,64,0.1,100,1.000633716583252
304,80,0.01,8,3,12,32,0.01,10,0.3189347485701243
305,80,0.01,8,3,12,64,0.01,10,0.290052463610967
306,80,0.01,8,3,16,32,0.01,10,0.33206331729888916
307,80,0.01,8,3,16,64,0.01,10,0.3077879051367442
308,80,0.01,8,3,12,32,0.01,100,0.999844491481781
309,80,0.01,8,3,12,64,0.01,100,1.0000678300857544
310,80,0.01,8,3,16,32,0.01,100,0.9998875061670939
311,80,0.01,8,3,16,64,0.01,100,1.000082015991211
312,80,0.01,8,3,12,32,0.1,10,1.0003385941187541
313,80,0.01,8,3,12,64,0.1,10,0.9994341333707174
314,80,0.01,8,3,16,32,0.1,10,1.0003356337547302
315,80,0.01,8,3,16,64,0.1,10,0.9989346464474996
316,80,0.01,8,3,12,32,0.1,100,1.0001693964004517
317,80,0.01,8,3,12,64,0.1,100,1.000275472799937
318,80,0.01,8,3,16,32,0.1,100,0.9998796383539835
319,80,0.01,8,3,16,64,0.1,100,1.0007584691047668
320,80,0.01,10,2,12,32,0.01,10,0.3332438071568807
321,80,0.01,10,2,12,64,0.01,10,0.30984819928805035
322,80,0.01,10,2,16,32,0.01,10,0.3399869203567505
323,80,0.01,10,2,16,64,0.01,10,0.3001445233821869
324,80,0.01,10,2,12,32,0.01,100,1.0001498063405354
325,80,0.01,10,2,12,64,0.01,100,1.0001123547554016
326,80,0.01,10,2,16,32,0.01,100,0.9996985793113708
327,80,0.01,10,2,16,64,0.01,100,0.9995027581850687
328,80,0.01,10,2,12,32,0.1,10,1.0006460150082905
329,80,0.01,10,2,12,64,0.1,10,1.0004108746846516
330,80,0.01,10,2,16,32,0.1,10,1.0000030795733135
331,80,0.01,10,2,16,64,0.1,10,0.9995215932528178
332,80,0.01,10,2,12,32,0.1,100,0.9996758699417114
333,80,0.01,10,2,12,64,0.1,100,0.9998214642206827
334,80,0.01,10,2,16,32,0.1,100,1.000148097674052
335,80,0.01,10,2,16,64,0.1,100,1.0010119080543518
336,80,0.01,10,3,12,32,0.01,10,0.33183709780375165
337,80,0.01,10,3,12,64,0.01,10,0.2969830284516017
338,80,0.01,10,3,16,32,0.01,10,0.33759409189224243
339,80,0.01,10,3,16,64,0.01,10,0.3009326159954071
340,80,0.01,10,3,12,32,0.01,100,0.9996736844380697
341,80,0.01,10,3,12,64,0.01,100,0.9996537168820699
342,80,0.01,10,3,16,32,0.01,100,1.000655968983968
343,80,0.01,10,3,16,64,0.01,100,0.9984124898910522
344,80,0.01,10,3,12,32,0.1,10,1.0004348754882812
345,80,0.01,10,3,12,64,0.1,10,0.9999394416809082
346,80,0.01,10,3,16,32,0.1,10,0.9998992880185446
347,80,0.01,10,3,16,64,0.1,10,0.9993607600529989
348,80,0.01,10,3,12,32,0.1,100,1.000043471654256
349,80,0.01,10,3,12,64,0.1,100,1.0002842744191487
350,80,0.01,10,3,16,32,0.1,100,1.0004202524820964
351,80,0.01,10,3,16,64,0.1,100,0.9998105565706888
352,80,0.01,12,2,12,32,0.01,10,0.34235114852587384
353,80,0.01,12,2,12,64,0.01,10,0.2934865752855937
354,80,0.01,12,2,16,32,0.01,10,0.30320791403452557
355,80,0.01,12,2,16,64,0.01,10,0.284904678662618
356,80,0.01,12,2,12,32,0.01,100,1.0001548528671265
357,80,0.01,12,2,12,64,0.01,100,0.99949844678243
358,80,0.01,12,2,16,32,0.01,100,0.9992541869481405
359,80,0.01,12,2,16,64,0.01,100,0.9998372594515482
360,80,0.01,12,2,12,32,0.1,10,1.0008461276690166
361,80,0.01,12,2,12,64,0.1,10,0.9996212124824524
362,80,0.01,12,2,16,32,0.1,10,1.000326136747996
363,80,0.01,12,2,16,64,0.1,10,0.9996498624483744
364,80,0.01,12,2,12,32,0.1,100,1.0001848141352336
365,80,0.01,12,2,12,64,0.1,100,1.0005381107330322
366,80,0.01,12,2,16,32,0.1,100,0.9997912844022115
367,80,0.01,12,2,16,64,0.1,100,0.9998111128807068
368,80,0.01,12,3,12,32,0.01,10,0.332527756690979
369,80,0.01,12,3,12,64,0.01,10,0.29372496406237286
370,80,0.01,12,3,16,32,0.01,10,0.31191278497378033
371,80,0.01,12,3,16,64,0.01,10,0.2841978818178177
372,80,0.01,12,3,12,32,0.01,100,0.9990304509798685
373,80,0.01,12,3,12,64,0.01,100,0.999558667341868
374,80,0.01,12,3,16,32,0.01,100,0.9991981188456217
375,80,0.01,12,3,16,64,0.01,100,1.0007987817128499
376,80,0.01,12,3,12,32,0.1,10,0.9993371168772379
377,80,0.01,12,3,12,64,0.1,10,0.9996937910715739
378,80,0.01,12,3,16,32,0.1,10,1.0002543330192566
379,80,0.01,12,3,16,64,0.1,10,0.9997284412384033
380,80,0.01,12,3,12,32,0.1,100,0.9998840490976969
381,80,0.01,12,3,12,64,0.1,100,1.000435729821523
382,80,0.01,12,3,16,32,0.1,100,1.0000962615013123
383,80,0.01,12,3,16,64,0.1,100,1.0003188053766887
384,80,0.001,8,2,12,32,0.01,10,0.8232146700223287
385,80,0.001,8,2,12,64,0.01,10,0.7996457616488138
386,80,0.001,8,2,16,32,0.01,10,0.8346186876296997
387,80,0.001,8,2,16,64,0.01,10,0.8105792204538981
388,80,0.001,8,2,12,32,0.01,100,0.9429487387339274
389,80,0.001,8,2,12,64,0.01,100,0.9419638713200887
390,80,0.001,8,2,16,32,0.01,100,0.9734487732251486
391,80,0.001,8,2,16,64,0.01,100,0.9736245274543762
392,80,0.001,8,2,12,32,0.1,10,0.9469039837519327
393,80,0.001,8,2,12,64,0.1,10,0.9457398255666097
394,80,0.001,8,2,16,32,0.1,10,0.974428137143453
395,80,0.001,8,2,16,64,0.1,10,0.9748240907986959
396,80,0.001,8,2,12,32,0.1,100,0.9836311936378479
397,80,0.001,8,2,12,64,0.1,100,0.9844368894894918
398,80,0.001,8,2,16,32,0.1,100,0.9999024271965027
399,80,0.001,8,2,16,64,0.1,100,1.0003718535105388
400,80,0.001,8,3,12,32,0.01,10,0.8208324114481608
401,80,0.001,8,3,12,64,0.01,10,0.8013140360514323
402,80,0.001,8,3,16,32,0.01,10,0.8304152091344198
403,80,0.001,8,3,16,64,0.01,10,0.8130921721458435
404,80,0.001,8,3,12,32,0.01,100,0.9400018453598022
405,80,0.001,8,3,12,64,0.01,100,0.9426880677541097
406,80,0.001,8,3,16,32,0.01,100,0.9743129014968872
407,80,0.001,8,3,16,64,0.01,100,0.9746076862017313
408,80,0.001,8,3,12,32,0.1,10,0.9439380367596945
409,80,0.001,8,3,12,64,0.1,10,0.9463769793510437
410,80,0.001,8,3,16,32,0.1,10,0.9754200379053751
411,80,0.001,8,3,16,64,0.1,10,0.9757026831309
412,80,0.001,8,3,12,32,0.1,100,0.979566772778829
413,80,0.001,8,3,12,64,0.1,100,0.9840328892072042
414,80,0.001,8,3,16,32,0.1,100,1.000349760055542
415,80,0.001,8,3,16,64,0.1,100,1.0004582007726033
416,80,0.001,10,2,12,32,0.01,10,0.8473817110061646
417,80,0.001,10,2,12,64,0.01,10,0.8232018748919169
418,80,0.001,10,2,16,32,0.01,10,0.8201191425323486
419,80,0.001,10,2,16,64,0.01,10,0.784980833530426
420,80,0.001,10,2,12,32,0.01,100,0.9694925546646118
421,80,0.001,10,2,12,64,0.01,100,0.9691728353500366
422,80,0.001,10,2,16,32,0.01,100,0.9461215337117513
423,80,0.001,10,2,16,64,0.01,100,0.9386027057965597
424,80,0.001,10,2,12,32,0.1,10,0.9710079232851664
425,80,0.001,10,2,12,64,0.1,10,0.9708287715911865
426,80,0.001,10,2,16,32,0.1,10,0.954377015431722
427,80,0.001,10,2,16,64,0.1,10,0.9482357303301493
428,80,0.001,10,2,12,32,0.1,100,0.9938883980115255
429,80,0.001,10,2,12,64,0.1,100,0.9948994517326355
430,80,0.001,10,2,16,32,0.1,100,1.0175358454386394
431,80,0.001,10,2,16,64,0.1,100,1.0157194932301838
432,80,0.001,10,3,12,32,0.01,10,0.844459076722463
433,80,0.001,10,3,12,64,0.01,10,0.8229978879292806
434,80,0.001,10,3,16,32,0.01,10,0.8165820638338724
435,80,0.001,10,3,16,64,0.01,10,0.7835126320521036
436,80,0.001,10,3,12,32,0.01,100,0.969576100508372
437,80,0.001,10,3,12,64,0.01,100,0.9703486561775208
438,80,0.001,10,3,16,32,0.01,100,0.9451013803482056
439,80,0.001,10,3,16,64,0.01,100,0.938727080821991
440,80,0.001,10,3,12,32,0.1,10,0.9711824655532837
441,80,0.001,10,3,12,64,0.1,10,0.9720255335172018
442,80,0.001,10,3,16,32,0.1,10,0.9537539680798849
443,80,0.001,10,3,16,64,0.1,10,0.948544442653656
444,80,0.001,10,3,12,32,0.1,100,0.9945485393206278
445,80,0.001,10,3,12,64,0.1,100,0.9953386982282003
446,80,0.001,10,3,16,32,0.1,100,1.016685386498769
447,80,0.001,10,3,16,64,0.1,100,1.0166909495989482
448,80,0.001,12,2,12,32,0.01,10,0.8434197902679443
449,80,0.001,12,2,12,64,0.01,10,0.8091278274854025
450,80,0.001,12,2,16,32,0.01,10,0.812018613020579
451,80,0.001,12,2,16,64,0.01,10,0.7844696640968323
452,80,0.001,12,2,12,32,0.01,100,0.9876083532969157
453,80,0.001,12,2,12,64,0.01,100,0.989561935265859
454,80,0.001,12,2,16,32,0.01,100,0.9976470271746317
455,80,0.001,12,2,16,64,0.01,100,0.9950633843739828
456,80,0.001,12,2,12,32,0.1,10,0.9948865373929342
457,80,0.001,12,2,12,64,0.1,10,0.9966009060541788
458,80,0.001,12,2,16,32,0.1,10,1.000070591767629
459,80,0.001,12,2,16,64,0.1,10,0.9975813031196594
460,80,0.001,12,2,12,32,0.1,100,1.026511311531067
461,80,0.001,12,2,12,64,0.1,100,1.0260777274767559
462,80,0.001,12,2,16,32,0.1,100,1.0163371960322063
463,80,0.001,12,2,16,64,0.1,100,1.0148581465085347
464,80,0.001,12,3,12,32,0.01,10,0.8392133514086405
465,80,0.001,12,3,12,64,0.01,10,0.8079322179158529
466,80,0.001,12,3,16,32,0.01,10,0.8063024481137594
467,80,0.001,12,3,16,64,0.01,10,0.783612847328186
468,80,0.001,12,3,12,32,0.01,100,0.9854077100753784
469,80,0.001,12,3,12,64,0.01,100,0.9908327658971151
470,80,0.001,12,3,16,32,0.01,100,0.9965907136599222
471,80,0.001,12,3,16,64,0.01,100,0.9949610233306885
472,80,0.001,12,3,12,32,0.1,10,0.9932066202163696
473,80,0.001,12,3,12,64,0.1,10,0.9978974064191183
474,80,0.001,12,3,16,32,0.1,10,0.9995490709940592
475,80,0.001,12,3,16,64,0.1,10,0.9974106748898824
476,80,0.001,12,3,12,32,0.1,100,1.0248751441637676
477,80,0.001,12,3,12,64,0.1,100,1.0263122916221619
478,80,0.001,12,3,16,32,0.1,100,1.0150160590807598
479,80,0.001,12,3,16,64,0.1,100,1.014874279499054
480,80,0.0001,8,2,12,32,0.01,10,0.969632069269816
481,80,0.0001,8,2,12,64,0.01,10,0.965978185335795
482,80,0.0001,8,2,16,32,0.01,10,0.9861037333806356
483,80,0.0001,8,2,16,64,0.01,10,0.9813021421432495
484,80,0.0001,8,2,12,32,0.01,100,0.9815571109453837
485,80,0.0001,8,2,12,64,0.01,100,0.980745772520701
486,80,0.0001,8,2,16,32,0.01,100,1.003975749015808
487,80,0.0001,8,2,16,64,0.01,100,1.0019484957059224
488,80,0.0001,8,2,12,32,0.1,10,0.9826997518539429
489,80,0.0001,8,2,12,64,0.1,10,0.9819961786270142
490,80,0.0001,8,2,16,32,0.1,10,1.0062503417332966
491,80,0.0001,8,2,16,64,0.1,10,1.0044349829355876
492,80,0.0001,8,2,12,32,0.1,100,0.9901826779047648
493,80,0.0001,8,2,12,64,0.1,100,0.9912451306978861
494,80,0.0001,8,2,16,32,0.1,100,1.017858624458313
495,80,0.0001,8,2,16,64,0.1,100,1.0168758034706116
496,80,0.0001,8,3,12,32,0.01,10,0.9678361813227335
497,80,0.0001,8,3,12,64,0.01,10,0.9663874904314677
498,80,0.0001,8,3,16,32,0.01,10,0.9821805357933044
499,80,0.0001,8,3,16,64,0.01,10,0.9816006819407145
500,80,0.0001,8,3,12,32,0.01,100,0.9798212051391602
501,80,0.0001,8,3,12,64,0.01,100,0.9811262885729471
502,80,0.0001,8,3,16,32,0.01,100,1.0000522931416829
503,80,0.0001,8,3,16,64,0.01,100,1.0022933681805928
504,80,0.0001,8,3,12,32,0.1,10,0.9809729059537252
505,80,0.0001,8,3,12,64,0.1,10,0.9823857148488363
506,80,0.0001,8,3,16,32,0.1,10,1.0022544264793396
507,80,0.0001,8,3,16,64,0.1,10,1.0047723054885864
508,80,0.0001,8,3,12,32,0.1,100,0.9885733326276144
509,80,0.0001,8,3,12,64,0.1,100,0.9912537137667338
510,80,0.0001,8,3,16,32,0.1,100,1.0141013463338215
511,80,0.0001,8,3,16,64,0.1,100,1.0169375538825989
512,80,0.0001,10,2,12,32,0.01,10,0.982529362042745
513,80,0.0001,10,2,12,64,0.01,10,0.9793156584103903
514,80,0.0001,10,2,16,32,0.01,10,1.1140540440877278
515,80,0.0001,10,2,16,64,0.01,10,1.103282888730367
516,80,0.0001,10,2,12,32,0.01,100,0.9939048886299133
517,80,0.0001,10,2,12,64,0.01,100,0.9936642448107401
518,80,0.0001,10,2,16,32,0.01,100,1.1564723650614421
519,80,0.0001,10,2,16,64,0.01,100,1.1526885430018108
520,80,0.0001,10,2,12,32,0.1,10,0.9944789012273153
521,80,0.0001,10,2,12,64,0.1,10,0.9943845669428507
522,80,0.0001,10,2,16,32,0.1,10,1.1613388458887737
523,80,0.0001,10,2,16,64,0.1,10,1.1577071348826091
524,80,0.0001,10,2,12,32,0.1,100,1.0012145638465881
525,80,0.0001,10,2,12,64,0.1,100,1.0027573704719543
526,80,0.0001,10,2,16,32,0.1,100,1.1954902410507202
527,80,0.0001,10,2,16,64,0.1,100,1.1936251719792683
528,80,0.0001,10,3,12,32,0.01,10,0.9837017258008321
529,80,0.0001,10,3,12,64,0.01,10,0.9786809086799622
530,80,0.0001,10,3,16,32,0.01,10,1.1146849791208904
531,80,0.0001,10,3,16,64,0.01,10,1.1020581722259521
532,80,0.0001,10,3,12,32,0.01,100,0.9958358605702718
533,80,0.0001,10,3,12,64,0.01,100,0.993193248907725
534,80,0.0001,10,3,16,32,0.01,100,1.15584401289622
535,80,0.0001,10,3,16,64,0.01,100,1.1517695983250935
536,80,0.0001,10,3,12,32,0.1,10,0.9964088598887125
537,80,0.0001,10,3,12,64,0.1,10,0.9939363201459249
538,80,0.0001,10,3,16,32,0.1,10,1.1609080632527669
539,80,0.0001,10,3,16,64,0.1,10,1.156828244527181
540,80,0.0001,10,3,12,32,0.1,100,1.0033550659815471
541,80,0.0001,10,3,12,64,0.1,100,1.0022936463356018
542,80,0.0001,10,3,16,32,0.1,100,1.1965948343276978
543,80,0.0001,10,3,16,64,0.1,100,1.1932564973831177
544,80,0.0001,12,2,12,32,0.01,10,1.0256296396255493
545,80,0.0001,12,2,12,64,0.01,10,1.0189348657925923
546,80,0.0001,12,2,16,32,0.01,10,0.969018558661143
547,80,0.0001,12,2,16,64,0.01,10,0.9640261928240458
548,80,0.0001,12,2,12,32,0.01,100,1.0497350692749023
549,80,0.0001,12,2,12,64,0.01,100,1.0484629074732463
550,80,0.0001,12,2,16,32,0.01,100,0.9822417696317037
551,80,0.0001,12,2,16,64,0.01,100,0.9801885883013407
552,80,0.0001,12,2,12,32,0.1,10,1.0518162250518799
553,80,0.0001,12,2,12,64,0.1,10,1.0506743987401326
554,80,0.0001,12,2,16,32,0.1,10,0.9833744565645853
555,80,0.0001,12,2,16,64,0.1,10,0.9816230535507202
556,80,0.0001,12,2,12,32,0.1,100,1.0625152985254924
557,80,0.0001,12,2,12,64,0.1,100,1.0618916749954224
558,80,0.0001,12,2,16,32,0.1,100,0.992283821105957
559,80,0.0001,12,2,16,64,0.1,100,0.9925878047943115
560,80,0.0001,12,3,12,32,0.01,10,1.0247435172398884
561,80,0.0001,12,3,12,64,0.01,10,1.0186928709348042
562,80,0.0001,12,3,16,32,0.01,10,0.9669867753982544
563,80,0.0001,12,3,16,64,0.01,10,0.9635833899180094
564,80,0.0001,12,3,12,32,0.01,100,1.0492197672526042
565,80,0.0001,12,3,12,64,0.01,100,1.0483498573303223
566,80,0.0001,12,3,16,32,0.01,100,0.9802219867706299
567,80,0.0001,12,3,16,64,0.01,100,0.9799624085426331
568,80,0.0001,12,3,12,32,0.1,10,1.0513367255528767
569,80,0.0001,12,3,12,64,0.1,10,1.0506020784378052
570,80,0.0001,12,3,16,32,0.1,10,0.9814008474349976
571,80,0.0001,12,3,16,64,0.1,10,0.9814022779464722
572,80,0.0001,12,3,12,32,0.1,100,1.062441110610962
573,80,0.0001,12,3,12,64,0.1,100,1.0620010296503704
574,80,0.0001,12,3,16,32,0.1,100,0.990777313709259
575,80,0.0001,12,3,16,64,0.1,100,0.9922568003336588
576,100,0.01,8,2,12,32,0.01,10,0.286412517229716
577,100,0.01,8,2,12,64,0.01,10,0.27137819429238635
578,100,0.01,8,2,16,32,0.01,10,0.2973875900109609
579,100,0.01,8,2,16,64,0.01,10,0.2920714467763901
580,100,0.01,8,2,12,32,0.01,100,0.9997265140215555
581,100,0.01,8,2,12,64,0.01,100,0.9999316334724426
582,100,0.01,8,2,16,32,0.01,100,0.9997038841247559
583,100,0.01,8,2,16,64,0.01,100,0.9994263648986816
584,100,0.01,8,2,12,32,0.1,10,1.0000039140383403
585,100,0.01,8,2,12,64,0.1,10,0.9998629887898763
586,100,0.01,8,2,16,32,0.1,10,0.9999686479568481
587,100,0.01,8,2,16,64,0.1,10,1.0000533262888591
588,100,0.01,8,2,12,32,0.1,100,0.9993422826131185
589,100,0.01,8,2,12,64,0.1,100,0.9999146064122518
590,100,0.01,8,2,16,32,0.1,100,1.0000662803649902
591,100,0.01,8,2,16,64,0.1,100,1.0007494688034058
592,100,0.01,8,3,12,32,0.01,10,0.28122912844022113
593,100,0.01,8,3,12,64,0.01,10,0.27309848368167877
594,100,0.01,8,3,16,32,0.01,10,0.2856735090414683
595,100,0.01,8,3,16,64,0.01,10,0.29253382980823517
596,100,0.01,8,3,12,32,0.01,100,0.9995531439781189
597,100,0.01,8,3,12,64,0.01,100,0.9995763301849365
598,100,0.01,8,3,16,32,0.01,100,0.9990394314130148
599,100,0.01,8,3,16,64,0.01,100,0.9993820190429688
600,100,0.01,8,3,12,32,0.1,10,0.9996240139007568
601,100,0.01,8,3,12,64,0.1,10,0.9994608362515768
602,100,0.01,8,3,16,32,0.1,10,0.999513566493988
603,100,0.01,8,3,16,64,0.1,10,0.9988434116045634
604,100,0.01,8,3,12,32,0.1,100,1.000092327594757
605,100,0.01,8,3,12,64,0.1,100,1.0001194079717
606,100,0.01,8,3,16,32,0.1,100,1.0010355512301128
607,100,0.01,8,3,16,64,0.1,100,1.0006221731503804
608,100,0.01,10,2,12,32,0.01,10,0.3037834167480469
609,100,0.01,10,2,12,64,0.01,10,0.28308210770289105
610,100,0.01,10,2,16,32,0.01,10,0.28465897341569263
611,100,0.01,10,2,16,64,0.01,10,0.26920006175835925
612,100,0.01,10,2,12,32,0.01,100,1.0003734827041626
613,100,0.01,10,2,12,64,0.01,100,0.9995391766230265
614,100,0.01,10,2,16,32,0.01,100,0.9998388687769572
615,100,0.01,10,2,16,64,0.01,100,0.9989894429842631
616,100,0.01,10,2,12,32,0.1,10,0.999507745107015
617,100,0.01,10,2,12,64,0.1,10,0.9996320605278015
618,100,0.01,10,2,16,32,0.1,10,0.998926023642222
619,100,0.01,10,2,16,64,0.1,10,0.9995371103286743
620,100,0.01,10,2,12,32,0.1,100,0.9999823768933614
621,100,0.01,10,2,12,64,0.1,100,0.999853769938151
622,100,0.01,10,2,16,32,0.1,100,1.0002868970235188
623,100,0.01,10,2,16,64,0.1,100,1.0003222624460857
624,100,0.01,10,3,12,32,0.01,10,0.29685606559117633
625,100,0.01,10,3,12,64,0.01,10,0.26831506192684174
626,100,0.01,10,3,16,32,0.01,10,0.2800367971261342
627,100,0.01,10,3,16,64,0.01,10,0.2686532437801361
628,100,0.01,10,3,12,32,0.01,100,1.0003222823143005
629,100,0.01,10,3,12,64,0.01,100,0.9995469252268473
630,100,0.01,10,3,16,32,0.01,100,0.9991933703422546
631,100,0.01,10,3,16,64,0.01,100,0.9987900257110596
632,100,0.01,10,3,12,32,0.1,10,0.9996360739072164
633,100,0.01,10,3,12,64,0.1,10,0.9995075265566508
634,100,0.01,10,3,16,32,0.1,10,0.9997701446215311
635,100,0.01,10,3,16,64,0.1,10,0.999213457107544
636,100,0.01,10,3,12,32,0.1,100,0.9997655550638834
637,100,0.01,10,3,12,64,0.1,100,1.0002521475156148
638,100,0.01,10,3,16,32,0.1,100,0.9995908339818319
639,100,0.01,10,3,16,64,0.1,100,1.0001941124598186
640,100,0.01,12,2,12,32,0.01,10,0.28848258157571155
641,100,0.01,12,2,12,64,0.01,10,0.27541159590085346
642,100,0.01,12,2,16,32,0.01,10,0.27097488939762115
643,100,0.01,12,2,16,64,0.01,10,0.2677798668543498
644,100,0.01,12,2,12,32,0.01,100,0.9999107122421265
645,100,0.01,12,2,12,64,0.01,100,0.9990929762522379
646,100,0.01,12,2,16,32,0.01,100,1.0001695553461711
647,100,0.01,12,2,16,64,0.01,100,0.9997368852297465
648,100,0.01,12,2,12,32,0.1,10,0.999350388844808
649,100,0.01,12,2,12,64,0.1,10,0.9994073112805685
650,100,0.01,12,2,16,32,0.1,10,0.9990191658337911
651,100,0.01,12,2,16,64,0.1,10,0.9994408885637919
652,100,0.01,12,2,12,32,0.1,100,1.000230888525645
653,100,0.01,12,2,12,64,0.1,100,1.000220537185669
654,100,0.01,12,2,16,32,0.1,100,0.9994878768920898
655,100,0.01,12,2,16,64,0.1,100,1.0000589887301128
656,100,0.01,12,3,12,32,0.01,10,0.2836226125558217
657,100,0.01,12,3,12,64,0.01,10,0.2768898705641429
658,100,0.01,12,3,16,32,0.01,10,0.2781360298395157
659,100,0.01,12,3,16,64,0.01,10,0.2675298551718394
660,100,0.01,12,3,12,32,0.01,100,0.9996460278828939
661,100,0.01,12,3,12,64,0.01,100,1.0006553928057353
662,100,0.01,12,3,16,32,0.01,100,0.9997851451237997
663,100,0.01,12,3,16,64,0.01,100,0.9991766214370728
664,100,0.01,12,3,12,32,0.1,10,0.9998042782147726
665,100,0.01,12,3,12,64,0.1,10,0.9994143644968668
666,100,0.01,12,3,16,32,0.1,10,0.9991035064061483
667,100,0.01,12,3,16,64,0.1,10,0.9994951883951823
668,100,0.01,12,3,12,32,0.1,100,1.0000020066897075
669,100,0.01,12,3,12,64,0.1,100,0.9997947613398234
670,100,0.01,12,3,16,32,0.1,100,0.9997535943984985
671,100,0.01,12,3,16,64,0.1,100,0.9999619921048483
672,100,0.001,8,2,12,32,0.01,10,0.7905351320902506
673,100,0.001,8,2,12,64,0.01,10,0.7628914515177408
674,100,0.001,8,2,16,32,0.01,10,0.798446774482727
675,100,0.001,8,2,16,64,0.01,10,0.7722318768501282
676,100,0.001,8,2,12,32,0.01,100,0.9559516708056132
677,100,0.001,8,2,12,64,0.01,100,0.9604663848876953
678,100,0.001,8,2,16,32,0.01,100,0.9809329907099406
679,100,0.001,8,2,16,64,0.01,100,0.9809858202934265
680,100,0.001,8,2,12,32,0.1,10,0.9595079223314921
681,100,0.001,8,2,12,64,0.1,10,0.9635757803916931
682,100,0.001,8,2,16,32,0.1,10,0.9811528523763021
683,100,0.001,8,2,16,64,0.1,10,0.9816048940022787
684,100,0.001,8,2,12,32,0.1,100,0.9941900372505188
685,100,0.001,8,2,12,64,0.1,100,0.9943897922833761
686,100,0.001,8,2,16,32,0.1,100,1.000198483467102
687,100,0.001,8,2,16,64,0.1,100,1.0016572674115498
688,100,0.001,8,3,12,32,0.01,10,0.7895165085792542
689,100,0.001,8,3,12,64,0.01,10,0.7653961380322775
690,100,0.001,8,3,16,32,0.01,10,0.7951487898826599
691,100,0.001,8,3,16,64,0.01,10,0.7749992410341898
692,100,0.001,8,3,12,32,0.01,100,0.9526943365732828
693,100,0.001,8,3,12,64,0.01,100,0.9612839818000793
694,100,0.001,8,3,16,32,0.01,100,0.9824333190917969
695,100,0.001,8,3,16,64,0.01,100,0.9816035628318787
696,100,0.001,8,3,12,32,0.1,10,0.9562840064366659
697,100,0.001,8,3,12,64,0.1,10,0.9642584919929504
698,100,0.001,8,3,16,32,0.1,10,0.9827471375465393
699,100,0.001,8,3,16,64,0.1,10,0.9821113546689352
700,100,0.001,8,3,12,32,0.1,100,0.9909626444180807
701,100,0.001,8,3,12,64,0.1,100,0.9951390027999878
702,100,0.001,8,3,16,32,0.1,100,1.0013851126035054
703,100,0.001,8,3,16,64,0.1,100,1.001944363117218
704,100,0.001,10,2,12,32,0.01,10,0.8160554965337118
705,100,0.001,10,2,12,64,0.01,10,0.7890656987826029
706,100,0.001,10,2,16,32,0.01,10,0.7793375253677368
707,100,0.001,10,2,16,64,0.01,10,0.7421719829241434
708,100,0.001,10,2,12,32,0.01,100,0.9856882492701212
709,100,0.001,10,2,12,64,0.01,100,0.9881651798884074
710,100,0.001,10,2,16,32,0.01,100,0.9331902662913004
711,100,0.001,10,2,16,64,0.01,100,0.9293508728345236
712,100,0.001,10,2,12,32,0.1,10,0.9865731199582418
713,100,0.001,10,2,12,64,0.1,10,0.9888684749603271
714,100,0.001,10,2,16,32,0.1,10,0.9404170910517374
715,100,0.001,10,2,16,64,0.1,10,0.9383131265640259
716,100,0.001,10,2,12,32,0.1,100,1.0004183252652485
717,100,0.001,10,2,12,64,0.1,100,1.0001632173856099
718,100,0.001,10,2,16,32,0.1,100,1.0036334991455078
719,100,0.001,10,2,16,64,0.1,100,1.0042545000712078
720,100,0.001,10,3,12,32,0.01,10,0.8132734894752502
721,100,0.001,10,3,12,64,0.01,10,0.7890224655469259
722,100,0.001,10,3,16,32,0.01,10,0.7767835259437561
723,100,0.001,10,3,16,64,0.01,10,0.7414385875066122
724,100,0.001,10,3,12,32,0.01,100,0.9855945706367493
725,100,0.001,10,3,12,64,0.01,100,0.9893932143847147
726,100,0.001,10,3,16,32,0.01,100,0.9326289296150208
727,100,0.001,10,3,16,64,0.01,100,0.9305638869603475
728,100,0.001,10,3,12,32,0.1,10,0.9865773320198059
729,100,0.001,10,3,12,64,0.1,10,0.9900991916656494
730,100,0.001,10,3,16,32,0.1,10,0.9399639566739401
731,100,0.001,10,3,16,64,0.1,10,0.9394701520601908
732,100,0.001,10,3,12,32,0.1,100,1.0009221235911052
733,100,0.001,10,3,12,64,0.1,100,1.000350793202718
734,100,0.001,10,3,16,32,0.1,100,1.00344318151474
735,100,0.001,10,3,16,64,0.1,100,1.0045514702796936
736,100,0.001,12,2,12,32,0.01,10,0.8081433971722921
737,100,0.001,12,2,12,64,0.01,10,0.7721180319786072
738,100,0.001,12,2,16,32,0.01,10,0.7725038131078085
739,100,0.001,12,2,16,64,0.01,10,0.7431086699167887
740,100,0.001,12,2,12,32,0.01,100,0.9834913015365601
741,100,0.001,12,2,12,64,0.01,100,0.9892897407213846
742,100,0.001,12,2,16,32,0.01,100,0.999489982922872
743,100,0.001,12,2,16,64,0.01,100,0.9971771637598673
744,100,0.001,12,2,12,32,0.1,10,0.9899879097938538
745,100,0.001,12,2,12,64,0.1,10,0.9958454569180807
746,100,0.001,12,2,16,32,0.1,10,1.0004884799321492
747,100,0.001,12,2,16,64,0.1,10,0.998432457447052
748,100,0.001,12,2,12,32,0.1,100,1.0077378749847412
749,100,0.001,12,2,12,64,0.1,100,1.0062798659006755
750,100,0.001,12,2,16,32,0.1,100,1.0014123519261677
751,100,0.001,12,2,16,64,0.1,100,1.0005209843317668
752,100,0.001,12,3,12,32,0.01,10,0.8047716418902079
753,100,0.001,12,3,12,64,0.01,10,0.7713750998179117
754,100,0.001,12,3,16,32,0.01,10,0.7675493955612183
755,100,0.001,12,3,16,64,0.01,10,0.7429900964101156
756,100,0.001,12,3,12,32,0.01,100,0.9838735858599345
757,100,0.001,12,3,12,64,0.01,100,0.9902023474375407
758,100,0.001,12,3,16,32,0.01,100,0.9972325364748637
759,100,0.001,12,3,16,64,0.01,100,0.9973382751146952
760,100,0.001,12,3,12,32,0.1,10,0.9904474020004272
761,100,0.001,12,3,12,64,0.1,10,0.9966617623964945
762,100,0.001,12,3,16,32,0.1,10,0.9985649188359579
763,100,0.001,12,3,16,64,0.1,10,0.9986918369928995
764,100,0.001,12,3,12,32,0.1,100,1.0063804785410564
765,100,0.001,12,3,12,64,0.1,100,1.0065210262934368
766,100,0.001,12,3,16,32,0.1,100,1.0013953844706218
767,100,0.001,12,3,16,64,0.1,100,1.00070454676946
768,100,0.0001,8,2,12,32,0.01,10,0.963612695535024
769,100,0.0001,8,2,12,64,0.01,10,0.959387461344401
770,100,0.0001,8,2,16,32,0.01,10,0.9740096131960551
771,100,0.0001,8,2,16,64,0.01,10,0.9687756101290385
772,100,0.0001,8,2,12,32,0.01,100,0.978312611579895
773,100,0.0001,8,2,12,64,0.01,100,0.97726043065389
774,100,0.0001,8,2,16,32,0.01,100,0.9946889678637186
775,100,0.0001,8,2,16,64,0.01,100,0.9925716320673624
776,100,0.0001,8,2,12,32,0.1,10,0.9796666105588278
777,100,0.0001,8,2,12,64,0.1,10,0.9787190556526184
778,100,0.0001,8,2,16,32,0.1,10,0.9972981214523315
779,100,0.0001,8,2,16,64,0.1,10,0.9953829248746237
780,100,0.0001,8,2,12,32,0.1,100,0.9890332023302714
781,100,0.0001,8,2,12,64,0.1,100,0.9901102582613627
782,100,0.0001,8,2,16,32,0.1,100,1.0109437108039856
783,100,0.0001,8,2,16,64,0.1,100,1.0099316636721294
784,100,0.0001,8,3,12,32,0.01,10,0.9620414574941
785,100,0.0001,8,3,12,64,0.01,10,0.9599255919456482
786,100,0.0001,8,3,16,32,0.01,10,0.9705529610315958
787,100,0.0001,8,3,16,64,0.01,10,0.9692469835281372
788,100,0.0001,8,3,12,32,0.01,100,0.9766388734181722
789,100,0.0001,8,3,12,64,0.01,100,0.9777156909306844
790,100,0.0001,8,3,16,32,0.01,100,0.9912394881248474
791,100,0.0001,8,3,16,64,0.01,100,0.9932860732078552
792,100,0.0001,8,3,12,32,0.1,10,0.9779940247535706
793,100,0.0001,8,3,12,64,0.1,10,0.9791747331619263
794,100,0.0001,8,3,16,32,0.1,10,0.9937699238459269
795,100,0.0001,8,3,16,64,0.1,10,0.9960824052492777
796,100,0.0001,8,3,12,32,0.1,100,0.9874361356099447
797,100,0.0001,8,3,12,64,0.1,100,0.9900718728701273
798,100,0.0001,8,3,16,32,0.1,100,1.0076357920964558
799,100,0.0001,8,3,16,64,0.1,100,1.0102298259735107
800,100,0.0001,10,2,12,32,0.01,10,0.9764386018117269
801,100,0.0001,10,2,12,64,0.01,10,0.9726744890213013
802,100,0.0001,10,2,16,32,0.01,10,1.091890017191569
803,100,0.0001,10,2,16,64,0.01,10,1.0809603532155354
804,100,0.0001,10,2,12,32,0.01,100,0.9904042283693949
805,100,0.0001,10,2,12,64,0.01,100,0.9900669058163961
806,100,0.0001,10,2,16,32,0.01,100,1.1420669953028362
807,100,0.0001,10,2,16,64,0.01,100,1.139098326365153
808,100,0.0001,10,2,12,32,0.1,10,0.9910959204037985
809,100,0.0001,10,2,12,64,0.1,10,0.9909140666325887
810,100,0.0001,10,2,16,32,0.1,10,1.1476555267969768
811,100,0.0001,10,2,16,64,0.1,10,1.1447211503982544
812,100,0.0001,10,2,12,32,0.1,100,0.9995519320170084
813,100,0.0001,10,2,12,64,0.1,100,1.0011409918467205
814,100,0.0001,10,2,16,32,0.1,100,1.1869049866994221
815,100,0.0001,10,2,16,64,0.1,100,1.18502942721049
816,100,0.0001,10,3,12,32,0.01,10,0.9775864879290262
817,100,0.0001,10,3,12,64,0.01,10,0.9720990856488546
818,100,0.0001,10,3,16,32,0.01,10,1.0924975077311199
819,100,0.0001,10,3,16,64,0.01,10,1.079684893290202
820,100,0.0001,10,3,12,32,0.01,100,0.9922979871431986
821,100,0.0001,10,3,12,64,0.01,100,0.9896648526191711
822,100,0.0001,10,3,16,32,0.01,100,1.1412351528803508
823,100,0.0001,10,3,16,64,0.01,100,1.1381850242614746
824,100,0.0001,10,3,12,32,0.1,10,0.9930250644683838
825,100,0.0001,10,3,12,64,0.1,10,0.9905344446500143
826,100,0.0001,10,3,16,32,0.1,10,1.1470318237940471
827,100,0.0001,10,3,16,64,0.1,10,1.14384126663208
828,100,0.0001,10,3,12,32,0.1,100,1.0016236305236816
829,100,0.0001,10,3,12,64,0.1,100,1.0007112224896748
830,100,0.0001,10,3,16,32,0.1,100,1.1878959735234578
831,100,0.0001,10,3,16,64,0.1,100,1.1847154299418132
832,100,0.0001,12,2,12,32,0.01,10,1.0157801707585652
833,100,0.0001,12,2,12,64,0.01,10,1.0083622137705486
834,100,0.0001,12,2,16,32,0.01,10,0.962458074092865
835,100,0.0001,12,2,16,64,0.01,10,0.9568309187889099
836,100,0.0001,12,2,12,32,0.01,100,1.0444056987762451
837,100,0.0001,12,2,12,64,0.01,100,1.0435753266016643
838,100,0.0001,12,2,16,32,0.01,100,0.9792788028717041
839,100,0.0001,12,2,16,64,0.01,100,0.977022667725881
840,100,0.0001,12,2,12,32,0.1,10,1.0468180974324544
841,100,0.0001,12,2,12,64,0.1,10,1.0460803906122844
842,100,0.0001,12,2,16,32,0.1,10,0.9806610345840454
843,100,0.0001,12,2,16,64,0.1,10,0.9787489175796509
844,100,0.0001,12,2,12,32,0.1,100,1.0595289866129558
845,100,0.0001,12,2,12,64,0.1,100,1.059086004892985
846,100,0.0001,12,2,16,32,0.1,100,0.9919003049532572
847,100,0.0001,12,2,16,64,0.1,100,0.9922528664271036
848,100,0.0001,12,3,12,32,0.01,10,1.0148019194602966
849,100,0.0001,12,3,12,64,0.01,10,1.0080642302831013
850,100,0.0001,12,3,16,32,0.01,10,0.9603230953216553
851,100,0.0001,12,3,16,64,0.01,10,0.9563819368680319
852,100,0.0001,12,3,12,32,0.01,100,1.0439788103103638
853,100,0.0001,12,3,12,64,0.01,100,1.0434979597727458
854,100,0.0001,12,3,16,32,0.01,100,0.9773389299710592
855,100,0.0001,12,3,16,64,0.01,100,0.9768262505531311
856,100,0.0001,12,3,12,32,0.1,10,1.0464326937993367
857,100,0.0001,12,3,12,64,0.1,10,1.0460516214370728
858,100,0.0001,12,3,16,32,0.1,10,0.9787779847780863
859,100,0.0001,12,3,16,64,0.1,10,0.978559652964274
860,100,0.0001,12,3,12,32,0.1,100,1.0595906178156536
861,100,0.0001,12,3,12,64,0.1,100,1.0591777165730794
862,100,0.0001,12,3,16,32,0.1,100,0.9902804692586263
863,100,0.0001,12,3,16,64,0.1,100,0.9918987353642782
